word,tfidf,label
atrocity,0.692562107324918,3
measure,0.5316743936976256,3
sanction,0.7105269896476473,3
worried,0.5834722521089435,3
perry,0.6112440944926387,3
via,0.4642818766754055,3
terrorist,0.46173136179192253,3
president,0.6636715379152149,3
leader,0.554452685398506,3
video,0.5893069275912792,3
protest,0.5818340505031765,3
wounded,0.6372256261530298,3
west,0.6383601873214826,3
coalition,0.7363496134390788,3
phone,0.7806110952870284,3
ordered,0.7988354434362466,3
rescuer,0.624587518073946,3
war,0.6717311001930266,3
first,0.5835372008327548,3
right,0.572220862998726,3
leader,0.554452685398506,3
agenda,0.5861090643626471,3
chemical,0.6297852074199806,3
regime,0.5819704508761487,3
remark,0.7147306181746823,3
super,0.7295691570805406,3
troop,0.6653113379131245,3
economist,0.7254420121317346,3
parliament,0.6457820388382518,3
donor,0.6265500583456092,3
minister,0.6303242916915519,3
spokesman,0.7937469028588393,3
social,0.5832507415706206,3
president,0.6636715379152149,3
white,0.6021460351377858,3
daughter,0.7816308086858831,3
talk,0.6306404456437381,3
could,0.5258157752637854,3
land,0.6251841629464243,3
give,0.48563266829864093,3
genocide,0.7019578238767257,3
mining,0.6442017083543222,3
import,0.6626699444462089,3
flagship,0.6868598189469522,3
macron,0.6776110506762167,3
missile,0.6805171443100172,3
show,0.6389850331558496,3
trump,0.6292792517470827,3
mass,0.6352728530974489,3
pen,0.6103780845442606,3
unite,0.7265910780022343,3
president,0.6636715379152149,3
marked,0.584150689527682,3
war,0.6717311001930266,3
snooker,0.6788874770109518,3
spell,0.41647258321373287,3
knew,0.5544363751680429,3
mark,0.6434655185771596,3
presidency,0.653006584919959,3
enter,0.5468261463030677,3
position,0.5919953691892402,3
sanction,0.7105269896476473,3
democracy,0.51223367643394,3
north,0.6364897905454359,3
speech,0.6528418267394857,3
intelligence,0.6679871153782285,3
sharp,0.6922779937676493,3
war,0.6717311001930266,3
terrorist,0.46173136179192253,3
bush,0.6965364096829755,3
diplomacy,0.6501828249207218,3
rally,0.7527813266551865,3
olena,0.7371293785772747,3
trump,0.6292792517470827,3
talk,0.6306404456437381,3
president,0.6636715379152149,3
president,0.6636715379152149,3
field,0.6046124677620293,3
anthem,0.7161375068091616,3
hungry,0.439785458815987,3
city,0.6660043147104997,3
east,0.570007412165724,3
hearing,0.5357488368471125,3
energy,0.6122678596184247,3
fringe,0.7972638543583718,3
speak,0.601676139051282,3
majority,0.6001992131616317,3
meant,0.5520985594263134,3
assembly,0.6478137097038328,3
mad,0.6516117079824911,3
visit,0.750199361823948,3
ride,0.8154383964878745,3
riot,0.7088481326758374,3
bill,0.5872551322093877,3
strike,0.6505274201164571,3
grab,0.42580112495344385,3
trump,0.6292792517470827,3
emission,0.7029276705204058,3
state,0.5631976068778103,3
equipment,0.6846576366885015,3
entirely,0.5046147030158664,3
trump,0.6292792517470827,3
covid,0.6210517997003281,3
abortion,0.7191674020021559,3
president,0.6636715379152149,3
sri,0.7247648099901834,3
testify,0.4719444987959433,3
sri,0.7247648099901834,3
inquiry,0.6481459013456248,3
banking,0.6625132965210836,3
turbulent,0.4340440335340194,3
fuel,0.6579584884889154,3
coalition,0.7363496134390788,3
trump,0.6292792517470827,3
proved,0.5187550070056599,3
rebuild,0.6021672874095236,3
trump,0.6292792517470827,3
powerful,0.5663582439055221,3
president,0.6636715379152149,3
funeral,0.7089991526632194,3
trump,0.6292792517470827,3
symptom,0.6421908321271609,3
hearing,0.5357488368471125,3
vaccine,0.7275064043143037,3
presidency,0.653006584919959,3
evacuate,0.6612691538404921,3
positive,0.650104750825013,3
trail,0.6442790142095562,3
nobody,0.5917278187398433,3
negative,0.6368781995130608,3
warrant,0.7009965734761934,3
trump,0.6292792517470827,3
trump,0.6292792517470827,3
warrant,0.7009965734761934,3
president,0.6636715379152149,3
wale,0.6035173839722776,3
rushed,0.4794693930997275,3
trump,0.6292792517470827,3
suicide,0.5785890593924901,3
department,0.6838602801758812,3
expect,0.64592990995161,3
problem,0.6500596684143983,3
president,0.6636715379152149,3
prevent,0.49629803807640066,3
trial,0.6574408747383127,3
threaten,0.48404368593429237,3
empty,0.6156927002202167,3
classified,0.5992776516699846,3
settlement,0.692873295793225,3
dollar,0.6929931561025714,3
president,0.6636715379152149,3
president,0.6636715379152149,3
counteroffensive,0.7545911781272399,3
religion,0.7838914177178093,3
rapid,0.46178741318600636,3
car,0.604516267237312,3
operation,0.6478752811381622,3
president,0.6636715379152149,3
xi,0.6808601639646858,3
trump,0.6292792517470827,3
queen,0.5937209980265705,3
counteroffensive,0.7545911781272399,3
volunteer,0.7060606132308488,3
virus,0.7084032449793582,3
lying,0.6336826238841741,3
adviser,0.5743060056887884,3
lied,0.6693929222858039,3
donor,0.6265500583456092,3
extend,0.5517433488199999,3
came,0.5445801403563604,3
medal,0.7464156837533613,3
corruption,0.6266091508961077,3
territory,0.6251146861482929,3
book,0.7692562742594359,3
attend,0.6300667434731116,3
setback,0.4721275526813086,3
crime,0.6733629872094682,3
slip,0.49063406296120493,3
nuclear,0.7749661045531905,3
eu,0.672113310707289,3
testimony,0.46678591498441463,3
lying,0.6336826238841741,3
sworn,0.6457789312471599,3
governor,0.7428245588544803,3
trump,0.6292792517470827,3
aide,0.6228482229445467,3
trump,0.6292792517470827,3
wide,0.41772503643254566,3
energy,0.6122678596184247,3
twitter,0.7331777961207818,3
twin,0.6486683815214018,3
beat,0.6659037054434794,3
subject,0.5792638739657442,3
terrorism,0.7209857343107385,3
solution,0.4747384541344556,3
governor,0.7428245588544803,3
gulf,0.48259713154326767,3
bad,0.6225393597858434,3
climate,0.6446618843284608,3
gather,0.7023701494591668,3
flee,0.5531981624737402,6
food,0.7220504139767155,6
arena,0.8874356866552626,6
price,0.6140697281061197,6
jab,0.5370569822805592,6
day,0.6983383300115326,6
gymnast,0.7138135648724011,6
refugee,0.7487559537889817,6
minister,0.6303242916915519,6
volunteer,0.7060606132308488,6
resident,0.655914439402731,6
troll,0.783674060906377,6
price,0.6140697281061197,6
tell,0.6186144783575701,6
helicopter,0.626713305028207,6
unexpected,0.5387476425263009,6
boycott,0.5686975327936752,6
plant,0.6754965563696779,6
strategic,0.5496088249463843,6
tied,0.46528103329518566,6
disease,0.6509069903705964,6
sound,0.7872768823004954,6
wanting,0.4300354444156803,6
container,0.6282609541323734,6
question,0.8434664312694765,6
advert,0.7401108351269219,6
unveil,0.42897908116230377,6
resistance,0.6728875356121046,6
director,0.680294260841775,6
editor,0.5947072762833148,6
welsh,0.7131649150814778,6
structure,0.6858195317102863,6
derby,0.6741646064387874,6
bowler,0.6282484161529552,6
team,0.587465547202218,6
bronze,0.6577484559739657,6
prove,0.47397056073402266,6
area,0.5368150016939764,6
covid,0.6210517997003281,6
covid,0.6210517997003281,6
covering,0.6212958347614989,6
map,0.6454021276042531,6
covid,0.6210517997003281,6
difficulty,0.6158136637268451,6
student,0.7074506035812129,6
photo,0.7038755871361887,6
police,0.6152094133079338,6
thousand,0.4678910300048544,6
queen,0.5937209980265705,6
actress,0.706422376471437,6
shape,0.6512614500539252,6
partner,0.6526503575880954,6
dog,0.7829188222721722,6
brain,0.7232328528728071,6
inquest,0.8051998826031284,6
economic,0.5494459263537796,6
wale,0.6035173839722776,6
rest,0.6215320611893916,6
gray,0.5919942448142693,6
west,0.6383601873214826,6
hell,0.573145537087947,6
boycott,0.5686975327936752,6
guide,0.7224448949451844,6
symbol,0.7459360410000462,6
worker,0.6455174269451004,6
simply,0.4776258682264445,6
finally,0.5886049700207487,6
horner,0.6532653182301831,6
player,0.6923227356332915,6
positive,0.650104750825013,6
oil,0.6446291780269736,6
squeeze,0.5512538232677512,6
taxpayer,0.6688324603516971,6
researcher,0.5766064920202459,6
food,0.7220504139767155,6
public,0.547325627684268,6
vaccine,0.7275064043143037,6
package,0.6496835084042607,6
disabled,0.7099989585063549,6
hoax,0.7266404544155187,6
basement,0.7637023622116287,6
designer,0.8235421924800299,6
eve,0.7376086861619973,6
posted,0.5114444811268469,6
counting,0.44750081020389276,6
kidney,0.7943695135576858,6
tech,0.5273901648605541,6
backer,0.47705692104696756,6
ban,0.6629287408909088,6
root,0.6596472248978741,6
virus,0.7084032449793582,6
diet,0.7845169994477332,6
oil,0.6446291780269736,6
troop,0.6653113379131245,6
response,0.5939346304254346,6
halt,0.5008055210139961,6
oil,0.6446291780269736,6
kremlin,0.6233958641211584,6
lee,0.7004994330560388,6
missing,0.6215839826163226,6
present,0.5941840670451015,6
tell,0.6186144783575701,6
welcome,0.6057509984457721,6
oil,0.6446291780269736,6
treat,0.5592169050332223,6
west,0.6383601873214826,6
soldier,0.644318076218006,6
met,0.6230580749081382,6
advice,0.6530962119551911,6
singing,0.626745437730954,6
travel,0.590783072776295,6
private,0.5857670670789663,6
verge,0.6321946442575118,6
refugee,0.7487559537889817,6
nurse,0.675508583246672,6
activity,0.6326866176569779,6
rescue,0.6298945106372054,6
donate,0.6149269922759416,6
chemical,0.6297852074199806,6
supply,0.5554362464414264,6
argue,0.4395709256137812,6
militia,0.6572403338966148,6
recession,0.7545645791931098,6
bank,0.7577090715703068,6
household,0.567899709755406,6
burning,0.631393296005669,6
snake,0.843480163122049,6
event,0.6041553539712317,6
war,0.6717311001930266,6
food,0.7220504139767155,6
guide,0.7224448949451844,6
novel,0.717545207313778,6
glass,0.7437232292042019,6
underwater,0.6689714715462064,6
club,0.6180205171829959,6
riot,0.7088481326758374,6
unlikely,0.5846738617317282,6
chose,0.6073479362846221,6
community,0.606054447398237,6
better,0.6152334144074485,6
bowler,0.6282484161529552,6
fame,0.6853420460222251,6
running,0.5771222908328025,6
added,0.5700708814405756,6
advance,0.5039698728272829,6
convoy,0.6213878035967614,6
difficulty,0.6158136637268451,6
hospital,0.6499904897502101,6
temporarily,0.5621070306590397,6
hoax,0.7266404544155187,6
tested,0.6559250799733713,6
oligarch,0.6342276592701123,6
club,0.6180205171829959,6
million,0.6259699884948504,6
draft,0.5649729207298954,6
regional,0.5941751731942639,6
advance,0.5039698728272829,6
image,0.5885067022104084,6
child,0.6592648782925008,6
crime,0.6733629872094682,6
family,0.6166667719087667,6
sanction,0.7105269896476473,6
grandmother,0.6918162752702077,6
tank,0.7990454431590468,6
bomb,0.8458791578745908,6
sanction,0.7105269896476473,6
bomb,0.8458791578745908,6
closely,0.407604975150022,6
pregnancy,0.5783502758218395,6
alongside,0.6373748247823745,6
student,0.7074506035812129,6
decided,0.5742764656736162,6
queen,0.5937209980265705,6
killer,0.6471315907923304,6
energy,0.6122678596184247,6
happy,0.6501210760158467,6
math,0.6543433857349733,6
vow,0.5076453022560828,6
century,0.7355945041812288,6
club,0.6180205171829959,6
slow,0.6281465720297649,6
advance,0.5039698728272829,6
mourn,0.47818035703975686,6
temporarily,0.5621070306590397,6
funeral,0.7089991526632194,6
gay,0.725479506920679,6
parent,0.6669027864114332,6
slam,0.6045226565777243,6
crawley,0.6105014998607412,6
service,0.6172404793276554,6
asset,0.5426754723678315,6
ons,0.7134446224284308,6
artefact,0.5748376144661387,6
recruiting,0.4512511148496384,6
weapon,0.705291497269325,6
birth,0.635533648035822,6
russia,0.7524368743078721,6
child,0.6592648782925008,6
question,0.8434664312694765,6
received,0.5449725137945837,6
oligarch,0.6342276592701123,2
streaming,0.6770551071600449,2
break,0.5533149609123611,2
via,0.4642818766754055,2
rematch,0.8336388487734051,2
scam,0.6126435931267517,2
unhappy,0.42929224546177275,2
unseen,0.41895774579898515,2
bombed,0.5631119848301814,2
could,0.5258157752637854,2
evidence,0.5526548279405813,2
easing,0.3935837658306727,2
flying,0.5210268164534516,2
life,0.549636501410861,2
reopen,0.6616930901029627,2
deeply,0.5434842428139891,2
classic,0.685682391699917,2
whale,0.7689319280306081,2
sailor,0.7075810984033271,2
wall,0.562836621965172,2
brown,0.7646783259505245,2
allan,0.6500259329726557,2
later,0.5797933105987589,2
coffee,0.7194149609353718,2
report,0.5838154181811386,2
union,0.5619063549638982,2
bid,0.5846975790683802,2
scrap,0.585238876755408,2
dissident,0.7059131938210924,2
mob,0.6187067580563386,2
zimbabwe,0.6952107812720412,2
recruit,0.5908334098395115,2
theme,0.743965484649964,2
county,0.5351064249270465,2
career,0.5646980434678615,2
hit,0.6646527076716503,2
defiant,0.5305060932226279,2
prison,0.8428733883035415,2
skater,0.6855673562836643,2
student,0.7074506035812129,2
maxwell,0.7938716731445433,2
new,0.5277902126684109,2
cap,0.5788704672870111,2
book,0.7692562742594359,2
decide,0.624812535696676,2
throat,0.6382821967259988,2
atrocity,0.692562107324918,2
strategy,0.6033481947248843,2
drug,0.738715819756702,2
atrocity,0.692562107324918,2
tattoo,0.6893076705916716,2
buy,0.5317156463019219,2
library,0.7261102127344685,2
tax,0.6927841010916735,2
production,0.5477566913361189,2
hag,0.5157121347292848,2
energy,0.6122678596184247,2
pink,0.7152999590830003,2
reunite,0.6787561195593792,2
kay,0.5271762923947376,2
analyst,0.46148124089964593,2
khan,0.619162914611194,2
available,0.6058887828555263,2
riot,0.7088481326758374,2
york,0.5888805744149658,2
sanction,0.7105269896476473,2
subway,0.5370450873703373,2
separatist,0.7207154665296992,2
climber,0.5537310310081375,2
doctor,0.6352851950737378,2
genetic,0.530116022351823,2
pull,0.6597643682182048,2
homeless,0.6569953484231109,2
oil,0.6446291780269736,2
inspiring,0.420611543961892,2
brain,0.7232328528728071,2
childhood,0.6924072877585419,2
wine,0.8348111591341388,2
money,0.5244204095369226,2
subscription,0.778682384601428,2
rid,0.4326271751102283,2
abortion,0.7191674020021559,2
cancer,0.7208543646803224,2
china,0.7415452954107524,2
hag,0.5157121347292848,2
tank,0.7990454431590468,2
band,0.6515206071294453,2
reverse,0.4570231530770774,2
antarctica,0.6010787860223076,2
dementia,0.8110978813594817,2
rule,0.5649943412443754,2
streaming,0.6770551071600449,2
therapy,0.7172447686359613,2
film,0.6228619534934086,2
project,0.5685360647953065,2
court,0.5981633089923518,2
ben,0.6851767378265173,2
point,0.5433155259348413,2
direct,0.57071366293342,2
pacific,0.6199613396470012,2
model,0.5912663091192385,2
costume,0.47033776908345487,2
reunion,0.45240597376939473,2
artist,0.6655187059134179,2
rolled,0.5156429087510319,2
direct,0.57071366293342,2
mammal,0.6531840515092356,2
dust,0.6245957142371553,2
death,0.5900226206966078,2
album,0.6633022987001365,2
ruth,0.7291739403920001,2
may,0.5029433943029061,2
beer,0.7394422172823215,2
plea,0.5035115946556196,2
broke,0.597607638206649,2
lee,0.7004994330560388,2
scientist,0.5589371036280594,2
worsen,0.6674559805137332,2
lady,0.6434115034283772,2
school,0.7352476944867692,2
sanction,0.7105269896476473,2
unless,0.6020860785785422,2
hong,0.6780057712136458,2
solution,0.4747384541344556,2
carter,0.7518606230024967,2
attract,0.49125114455406255,2
ambulance,0.7291775193685226,2
nature,0.5863470910671236,2
language,0.6681336844156672,2
art,0.6472587634002008,2
watch,0.5031815264658357,2
nuclear,0.7749661045531905,2
flood,0.7042859629628083,2
circle,0.41675011096162107,2
laugh,0.5173067985842362,2
attack,0.6456382812706628,2
obesity,0.5078366151631603,2
woman,0.6837976904206575,2
childhood,0.6924072877585419,2
exploring,0.5223024641510339,2
bonus,0.7718177215979358,2
farmer,0.6469282619785252,2
jet,0.6571398925502322,2
ease,0.5109091469089243,2
house,0.623896893300609,2
nurse,0.675508583246672,2
grave,0.6372282124832417,2
renowned,0.6383834979449048,2
dog,0.7829188222721722,2
build,0.5865521458067847,2
city,0.6660043147104997,2
exhibition,0.7652131621073818,2
restaurant,0.6419168877033351,2
swap,0.6281454491624131,2
forward,0.6097334286971725,2
photo,0.7038755871361887,2
banning,0.6704545499446407,2
else,0.4978624116585671,2
club,0.6180205171829959,2
sure,0.6294605628862032,2
sport,0.6503019219572581,2
family,0.6166667719087667,2
undergoing,0.48756267557931304,2
help,0.5158566397346042,2
guideline,0.5770391123388946,2
sabotage,0.5611770306932307,2
spirited,0.5136347537771513,2
propaganda,0.7318531817458611,2
russia,0.7524368743078721,2
attract,0.49125114455406255,2
clinic,0.8204542886946742,2
carrier,0.6303348696322598,2
propaganda,0.7318531817458611,2
tank,0.7990454431590468,2
spirited,0.5136347537771513,2
bush,0.6965364096829755,2
optimism,0.6323756038435352,2
jubilee,0.6822502681679246,2
chapter,0.5562518307291711,2
bizarre,0.5521303668585753,2
lord,0.6982544685174266,2
debutant,0.6551324700339601,2
hill,0.5769074730305356,2
batting,0.6967878151735585,2
partnership,0.48130921069759125,2
broad,0.7206669395285746,2
root,0.6596472248978741,2
promising,0.7533951526616517,2
shopper,0.6133262191630747,2
innovative,0.6841662200591416,2
agony,0.4884168444176491,2
fun,0.5535498124757292,2
antarctica,0.6010787860223076,2
eu,0.672113310707289,2
san,0.7805256296650049,2
pledge,0.5573103312967024,2
golf,0.7166885526782696,2
gross,0.5279681943408807,2
china,0.7415452954107524,2
factor,0.5324141230871673,2
application,0.4931309646195043,5
narrative,0.5810727202564211,5
medical,0.6596256334916607,5
covid,0.6210517997003281,5
bought,0.4683716257321278,5
war,0.6717311001930266,5
office,0.5763044753176269,5
mode,0.447663132315917,5
kidney,0.7943695135576858,5
visa,0.6899250637218373,5
affordable,0.6099539116209979,5
collection,0.6315617547597964,5
pothole,0.7175163464663827,5
refugee,0.7487559537889817,5
wanting,0.4300354444156803,5
bombardment,0.5489136317823989,5
sponsor,0.6157265375051936,5
refugee,0.7487559537889817,5
experience,0.5661751109767269,5
rod,0.611587474507643,5
green,0.6053103496823579,5
home,0.6698086872174603,5
wife,0.6443426335926916,5
husband,0.5927631381273825,5
refugee,0.7487559537889817,5
pump,0.6429641624036676,5
go,0.5382846968970492,5
hotel,0.6437313245269313,5
triumph,0.5040071990811832,5
absolutely,0.49736969289470384,5
stomach,0.5234088455937018,5
drill,0.6896036012520766,5
cross,0.6229630191284969,5
sad,0.49673301913007045,5
rage,0.4882975738770836,5
settled,0.6499252787261315,5
curry,0.6088006857992038,5
defiant,0.5305060932226279,5
safe,0.5786139231147799,5
po,0.6481089019765325,5
bos,0.8363054549204255,5
evacuate,0.6612691538404921,5
abandoned,0.7154541884764686,5
safe,0.5786139231147799,5
limbo,0.6847119547050051,5
son,0.7327284725741446,5
promote,0.6263371055558165,5
covid,0.6210517997003281,5
wish,0.4999555447193897,5
jane,0.6998983165879386,5
canada,0.6481118200511501,5
lewis,0.7585916838908999,5
musician,0.6997634040483222,5
family,0.6166667719087667,5
price,0.6140697281061197,5
girl,0.6906865715109225,5
heading,0.5514786256682664,5
repeat,0.5557014473627495,5
war,0.6717311001930266,5
refugee,0.7487559537889817,5
prince,0.7879067745382908,5
patel,0.6930276341072419,5
elderly,0.5614767611010569,5
use,0.5478906243229567,5
abroad,0.5742328694733106,5
servant,0.5565504123917213,5
island,0.7091342982908877,5
suffer,0.5902492562154936,5
sexual,0.6026996151999586,5
child,0.6592648782925008,5
minister,0.6303242916915519,5
soldier,0.644318076218006,5
settlement,0.692873295793225,5
diplomat,0.7159919189567205,5
abusive,0.46226505843767696,5
leg,0.5626213496408475,5
lesson,0.7082379724767855,5
lost,0.6930192453779341,5
carbon,0.5470044733802192,5
unanimous,0.6738834214213607,5
queen,0.5937209980265705,5
home,0.6698086872174603,5
patel,0.6930276341072419,5
host,0.61884326573832,5
taking,0.6422088091644602,5
whats,0.5589335954850275,5
derry,0.6002543052395183,5
bowel,0.5839716205967813,5
mistake,0.61118883684498,5
family,0.6166667719087667,5
closed,0.5363028800510662,5
hook,0.5896436515126487,5
somerset,0.6907460702248388,5
protester,0.6100353260028512,5
hong,0.6780057712136458,5
art,0.6472587634002008,5
giro,0.863848434321961,5
charging,0.6114169923110925,5
jubilee,0.6822502681679246,5
ray,0.6087969431980388,5
jubilee,0.6822502681679246,5
tenant,0.668359081511202,5
justice,0.6594697445999268,5
empty,0.6156927002202167,5
celebrated,0.709814773889492,5
staff,0.5135840481621312,5
producer,0.5350650570242572,5
payment,0.6560774600981532,5
travelled,0.4811886086762225,5
home,0.6698086872174603,5
extradition,0.7633323142963163,5
home,0.6698086872174603,5
rainfall,0.511001787289079,5
taxi,0.6875918181604691,5
besieged,0.5021959308870612,5
working,0.6026346534056336,5
disruption,0.5793834745343287,5
worsen,0.6674559805137332,5
explosion,0.6523736722119635,5
home,0.6698086872174603,5
traditional,0.6261113761411233,5
run,0.6449330281627607,5
iconic,0.5008179268161933,5
pub,0.6893894587969587,5
tree,0.749213197687356,5
found,0.58623235968565,5
wooden,0.604906896819433,5
home,0.6698086872174603,5
migrant,0.664384147027875,5
carrying,0.561407100331889,5
studio,0.6175080542759326,5
rapidly,0.46808401469486177,5
miner,0.7438989828585874,5
spoken,0.43494664235330904,5
smell,0.6655428688791749,5
mo,0.6479509219052197,5
protester,0.6100353260028512,5
home,0.6698086872174603,5
duchess,0.7150000541702484,5
food,0.7220504139767155,5
prince,0.7879067745382908,5
home,0.6698086872174603,5
illegally,0.643975955406485,5
ben,0.6851767378265173,5
convict,0.6063468483323482,5
oak,0.5934416749890948,5
extension,0.5816269163400033,5
pizza,0.6195920706434601,5
appeal,0.6840415571322184,5
coming,0.6231459599979945,5
athlete,0.6510209922836022,5
hurt,0.6270787675382619,5
interested,0.6854825189261858,5
medal,0.7464156837533613,5
ceremony,0.6261885667213715,5
transport,0.5627556700599,5
bug,0.42020786833365714,5
conference,0.5799922387377205,5
rob,0.6862365127076406,5
hear,0.6549679957898735,5
parole,0.5829395884709814,5
multiple,0.6432075396580791,5
home,0.6698086872174603,5
forced,0.6746686382075404,5
bull,0.6403850379951476,5
captain,0.7862509129841269,5
recession,0.7545645791931098,5
promising,0.7533951526616517,5
home,0.6698086872174603,5
commonwealth,0.7338659074508942,5
demanding,0.4576193302946882,5
pizza,0.6195920706434601,5
mission,0.5979441122972128,5
home,0.6698086872174603,5
home,0.6698086872174603,5
eric,0.5661687412924052,5
city,0.6660043147104997,5
population,0.6132076598891196,5
built,0.5784251523904023,5
painting,0.7402921494326034,5
home,0.6698086872174603,5
home,0.6698086872174603,5
abandoned,0.7154541884764686,5
use,0.5478906243229567,5
disappearance,0.4880122245793829,5
nurse,0.675508583246672,5
dealer,0.698834821936394,5
care,0.6369697887268918,5
radio,0.6349511081960649,5
gaming,0.7469849342503192,5
magazine,0.8584894882487776,5
flood,0.7042859629628083,5
bank,0.7577090715703068,5
restore,0.6350340021616566,5
turned,0.6769240312312498,5
death,0.5900226206966078,5
cap,0.5788704672870111,5
lengthy,0.5293460688696734,5
patel,0.6930276341072419,5
division,0.48175191775490855,5
st,0.5700158004190261,4
ferry,0.7300354339042125,4
fourth,0.6408292995487628,4
although,0.455519568820693,4
free,0.6053851214540273,4
covid,0.6210517997003281,4
fled,0.473388979659443,4
visa,0.6899250637218373,4
tornado,0.7351746428949686,4
servant,0.5565504123917213,4
way,0.5277774853151886,4
taught,0.4563612198927051,4
tape,0.599781194422749,4
faulty,0.40510050700371675,4
crackdown,0.6390731055328507,4
vulnerable,0.6292214317558048,4
million,0.6259699884948504,4
encouraging,0.4881518325376877,4
id,0.5960764122183676,4
hoped,0.43138757863711974,4
repair,0.6300399112941105,4
skin,0.691896468028183,4
rip,0.4331965226949699,4
besieged,0.5021959308870612,4
withdrawn,0.464418735644823,4
japan,0.6918219581324077,4
change,0.5081898765888783,4
safely,0.6006214106657981,4
elderly,0.5614767611010569,4
cost,0.6449082863834096,4
north,0.6364897905454359,4
district,0.6009478919779607,4
regional,0.5941751731942639,4
expect,0.64592990995161,4
black,0.671966825936245,4
chancellor,0.6517629699961485,4
rescuer,0.624587518073946,4
complex,0.4272119000102569,4
drove,0.4320094667327011,4
heating,0.6701493133302571,4
energy,0.6122678596184247,4
wait,0.5663720398243554,4
plane,0.7473222799194346,4
standard,0.5399065095239046,4
million,0.6259699884948504,4
film,0.6228619534934086,4
island,0.7091342982908877,4
free,0.6053851214540273,4
cricket,0.6547643987833384,4
finland,0.6348591325291159,4
conversion,0.6480333952532253,4
covid,0.6210517997003281,4
union,0.5619063549638982,4
virus,0.7084032449793582,4
china,0.7415452954107524,4
five,0.6019341518246125,4
long,0.5546692073402008,4
conversion,0.6480333952532253,4
space,0.7602660133734823,4
deaf,0.6998248027953837,4
festival,0.8315302141657196,4
brain,0.7232328528728071,4
guitarist,0.6010988869876901,4
black,0.671966825936245,4
welsh,0.7131649150814778,4
lyric,0.8138358213010202,4
miracle,0.5639189523484684,4
title,0.6155255727740281,4
bar,0.6414614135080744,4
fox,0.6728243121724389,4
advanced,0.6807157939910312,4
station,0.6632843477294427,4
climber,0.5537310310081375,4
photo,0.7038755871361887,4
station,0.6632843477294427,4
vulnerable,0.6292214317558048,4
sale,0.6489516111916641,4
toll,0.5967054134911873,4
dog,0.7829188222721722,4
hate,0.7972721370378553,4
seeker,0.5693759537817371,4
shanghai,0.6586466241701346,4
actress,0.706422376471437,4
council,0.6528269038281541,4
cell,0.6473648380351599,4
menu,0.6548144960785783,4
rebel,0.646312167447193,4
whatever,0.4475042916008521,4
south,0.6675478444986196,4
permanent,0.6106999083622441,4
name,0.698910097537113,4
sure,0.6294605628862032,4
tourist,0.6236776893962833,4
talk,0.6306404456437381,4
bully,0.6841067404070582,4
supermarket,0.5920239413676353,4
bank,0.7577090715703068,4
distress,0.5244623355335076,4
considering,0.5832036355286504,4
beyond,0.5647391899888139,4
scout,0.8172240605322973,4
camp,0.6875922640604641,4
cash,0.7889392899396434,4
lamb,0.7428842518411686,4
headed,0.5184569288993113,4
donate,0.6149269922759416,4
wild,0.6815461902491786,4
war,0.6717311001930266,4
holocaust,0.709110993385837,4
terror,0.6857628139585209,4
people,0.5980791579744424,4
territory,0.6251146861482929,4
egg,0.6625923854992306,4
syndrome,0.8161296323411408,4
laugh,0.5173067985842362,4
study,0.6082976751808642,4
hair,0.7542397873239503,4
name,0.698910097537113,4
debt,0.6918028675795597,4
plant,0.6754965563696779,4
young,0.5817427330332928,4
consortium,0.6820893995985694,4
bomb,0.8458791578745908,4
sort,0.49435144612438064,4
promote,0.6263371055558165,4
report,0.5838154181811386,4
job,0.5861627528818518,4
conversion,0.6480333952532253,4
hunger,0.5872290247069805,4
treating,0.6239399698544559,4
major,0.5500278916937789,4
indigenous,0.68065221488241,4
attack,0.6456382812706628,4
shooting,0.6375374986987585,4
trading,0.6544940846034177,4
miscarriage,0.6097611089218817,4
pension,0.6857699130466041,4
usually,0.4416941851320755,4
station,0.6632843477294427,4
coping,0.4718850176293334,4
golf,0.7166885526782696,4
metropolitan,0.7043248645467891,4
facial,0.631095043184139,4
difficult,0.534802071158584,4
driver,0.6343277811449711,4
strain,0.6394739842764345,4
tornado,0.7351746428949686,4
map,0.6454021276042531,4
living,0.5576803767747849,4
charity,0.6635798390934727,4
insider,0.5784757589000058,4
retirement,0.8249870334136313,4
ask,0.5207383346089092,4
genetic,0.530116022351823,4
package,0.6496835084042607,4
dressed,0.47033776908345487,4
disruption,0.5793834745343287,4
lottery,0.7934481648980323,4
remember,0.6902278402674966,4
crisis,0.5539568545047738,4
legacy,0.7475925286154752,4
cake,0.7041167513513631,4
system,0.7401230021410024,4
buffalo,0.5126322620384215,4
celebrate,0.6163800982132137,4
video,0.5893069275912792,4
least,0.5807919468656852,4
bridge,0.7265901917090111,4
bullet,0.4895542530468917,4
model,0.5912663091192385,4
jubilee,0.6822502681679246,4
queen,0.5937209980265705,4
platinum,0.5605497451425477,4
republic,0.7342753007837483,4
advertising,0.7170463995939546,4
health,0.5587252362784685,4
petrol,0.5308466617455772,4
living,0.5576803767747849,4
cost,0.6449082863834096,4
tower,0.7220787716891423,4
within,0.5212509384378737,4
native,0.6877716442213241,4
young,0.5817427330332928,4
news,0.629246920160716,4
survey,0.6221611168530362,4
air,0.6010143291480806,4
football,0.7354657570750512,4
deaf,0.6998248027953837,4
strike,0.6505274201164571,4
justice,0.6594697445999268,4
player,0.6923227356332915,4
booster,0.6683590135062419,4
fun,0.5535498124757292,4
pink,0.7152999590830003,4
rail,0.6536867944329192,4
half,0.5043657692024793,4
triggered,0.46304975291345357,4
ancient,0.6197053441090825,4
mental,0.6057828253892418,4
see,0.5937364233501947,4
paper,0.5565464127375536,8
humanitarian,0.4847719813337152,8
case,0.5765204664729962,8
oil,0.6446291780269736,8
paper,0.5565464127375536,8
refugee,0.7487559537889817,8
siege,0.5939987683660997,8
refugee,0.7487559537889817,8
west,0.6383601873214826,8
oligarch,0.6342276592701123,8
admission,0.46596864992118514,8
paper,0.5565464127375536,8
po,0.6481089019765325,8
paper,0.5565464127375536,8
paper,0.5565464127375536,8
paper,0.5565464127375536,8
coin,0.763573764426026,8
gove,0.6403803562569056,8
paper,0.5565464127375536,8
eat,0.63275897407738,8
paper,0.5565464127375536,8
note,0.7241838596302813,8
mar,0.6254411606322341,8
infection,0.6671328994384137,8
baby,0.6536245181264417,8
sanction,0.7105269896476473,8
doubt,0.6081917671744393,8
wife,0.6443426335926916,8
paper,0.5565464127375536,8
brink,0.6196306881261924,8
paper,0.5565464127375536,8
paper,0.5565464127375536,8
paper,0.5565464127375536,8
migrant,0.664384147027875,8
paper,0.5565464127375536,8
force,0.4935031068671196,8
plan,0.6102113460644477,8
party,0.7845314516657038,8
paper,0.5565464127375536,8
queen,0.5937209980265705,8
misled,0.429908419393101,8
macron,0.6776110506762167,8
musk,0.663302309011228,8
cut,0.5950617830848749,8
paper,0.5565464127375536,8
disorder,0.7322095590788341,8
paper,0.5565464127375536,8
paper,0.5565464127375536,8
cancer,0.7208543646803224,8
priest,0.7522739399293296,8
windfall,0.6153178846980051,8
paper,0.5565464127375536,8
warning,0.6201971354861932,8
assembly,0.6478137097038328,8
branded,0.43234565198533564,8
queen,0.5937209980265705,8
libel,0.6494901683160328,8
paper,0.5565464127375536,8
paper,0.5565464127375536,8
paper,0.5565464127375536,8
paper,0.5565464127375536,8
paper,0.5565464127375536,8
gay,0.725479506920679,8
appearance,0.6470778165886633,8
inflation,0.6171570969276907,8
probe,0.5788713458028644,8
living,0.5576803767747849,8
sponsor,0.6157265375051936,8
paper,0.5565464127375536,8
paper,0.5565464127375536,8
photograph,0.4990410992495662,8
windfall,0.6153178846980051,8
package,0.6496835084042607,8
ministerial,0.6470436735486605,8
tory,0.5745223497997757,8
eu,0.672113310707289,8
paper,0.5565464127375536,8
paper,0.5565464127375536,8
queen,0.5937209980265705,8
queen,0.5937209980265705,8
apart,0.5059466562367745,8
thriller,0.6543553705602748,8
paper,0.5565464127375536,8
paper,0.5565464127375536,8
rail,0.6536867944329192,8
paper,0.5565464127375536,8
sentence,0.7235073376185894,8
sugar,0.7722934943469959,8
politics,0.6126260625275844,8
paper,0.5565464127375536,8
paper,0.5565464127375536,8
farce,0.5394792207075999,8
paper,0.5565464127375536,8
sharp,0.6922779937676493,8
mistake,0.61118883684498,8
risky,0.4105469459092606,8
network,0.6175109846417404,8
strike,0.6505274201164571,8
pension,0.6857699130466041,8
staff,0.5135840481621312,8
paper,0.5565464127375536,8
paper,0.5565464127375536,8
paper,0.5565464127375536,8
doctor,0.6352851950737378,8
exam,0.6940829292453636,8
paper,0.5565464127375536,8
royal,0.709503818968525,8
much,0.6366478000803595,8
whip,0.5910807359980242,8
paper,0.5565464127375536,8
paper,0.5565464127375536,8
paper,0.5565464127375536,8
pincher,0.6963683987008411,8
survival,0.584782251235007,8
mutiny,0.7434331993158503,8
paper,0.5565464127375536,8
wait,0.5663720398243554,8
tax,0.6927841010916735,8
scramble,0.4109135542107187,8
mo,0.6479509219052197,8
stop,0.43405571801546683,8
momentum,0.5443801071946118,8
backer,0.47705692104696756,8
paper,0.5565464127375536,8
paper,0.5565464127375536,8
today,0.4213238190336613,8
race,0.6047275554403084,8
paper,0.5565464127375536,8
blue,0.5552427993280635,8
paper,0.5565464127375536,8
legacy,0.7475925286154752,8
debate,0.6622690806705769,8
vat,0.5850777570689766,8
general,0.7932576293464678,8
clinic,0.8204542886946742,8
truss,0.6103243604696356,8
bin,0.6200303941646392,8
hurt,0.6270787675382619,8
dancing,0.6819827023562107,8
security,0.8157098905663129,8
profit,0.7183980184440887,8
ban,0.6629287408909088,8
paper,0.5565464127375536,8
truss,0.6103243604696356,8
paper,0.5565464127375536,8
paper,0.5565464127375536,8
allege,0.4652295243370089,8
tension,0.622368187137951,8
paper,0.5565464127375536,8
crisis,0.5539568545047738,8
energy,0.6122678596184247,8
paper,0.5565464127375536,8
sanction,0.7105269896476473,8
paper,0.5565464127375536,8
covid,0.6210517997003281,8
cyclist,0.6564283417488709,8
inflation,0.6171570969276907,8
foreign,0.6339070559508888,8
gove,0.6403803562569056,8
paper,0.5565464127375536,8
fury,0.728104136850878,8
inflation,0.6171570969276907,8
page,0.5595953045014056,8
justice,0.6594697445999268,8
version,0.6606232136988823,8
energy,0.6122678596184247,8
energy,0.6122678596184247,8
vat,0.5850777570689766,8
era,0.5275177086249192,8
pub,0.6893894587969587,8
paper,0.5565464127375536,8
trial,0.6574408747383127,8
probe,0.5788713458028644,8
snap,0.5459440814373313,8
tory,0.5745223497997757,8
paper,0.5565464127375536,8
truss,0.6103243604696356,8
ride,0.8154383964878745,8
gamble,0.5487774641715184,8
retreat,0.6950484940802575,8
journey,0.738746472214183,8
vigil,0.79628388164052,8
respect,0.4426548156908943,8
agony,0.4884168444176491,8
sibling,0.6765226729383533,8
surrounded,0.4789270318333521,8
thank,0.4552667313450532,8
rest,0.6215320611893916,8
nuclear,0.7749661045531905,8
tax,0.6927841010916735,8
paper,0.5565464127375536,8
tax,0.6927841010916735,8
paper,0.5565464127375536,8
pound,0.5883915431035778,8
labour,0.7517788854169526,8
bank,0.7577090715703068,8
paper,0.5565464127375536,8
vow,0.5076453022560828,8
abandon,0.5670680586343588,8
tax,0.6927841010916735,8
city,0.6660043147104997,9
arsenal,0.6810203527645136,9
woman,0.6837976904206575,9
inter,0.6818299354715239,9
score,0.6304887657682028,9
real,0.7060859772474178,9
draw,0.6123445576098634,9
recovery,0.5324968457475845,9
ranger,0.6966318274862207,9
thrash,0.6198715696529974,9
score,0.6304887657682028,9
united,0.6698464345650353,9
palace,0.6717808372233158,9
winner,0.5628344139012655,9
gap,0.8088613629390803,9
arsenal,0.6810203527645136,9
conte,0.8106530918581824,9
champion,0.7232162151464365,9
arsenal,0.6810203527645136,9
ham,0.6018015981147378,9
write,0.5420545853923441,9
help,0.5158566397346042,9
buy,0.5317156463019219,9
advantage,0.6067059806957014,9
sure,0.6294605628862032,9
top,0.5032444593249892,9
crowd,0.5423455367583926,9
extra,0.587500044201541,9
barcelona,0.6301651054781172,9
arsenal,0.6810203527645136,9
substitute,0.4965596043598643,9
wigan,0.5940011079964695,9
dean,0.6315798608625661,9
title,0.6155255727740281,9
hag,0.5157121347292848,9
crystal,0.5693555948862643,9
title,0.6155255727740281,9
de,0.7281453639996073,9
champion,0.7232162151464365,9
real,0.7060859772474178,9
real,0.7060859772474178,9
struggler,0.5702297586047812,9
ham,0.6018015981147378,9
involved,0.64274593531646,9
wolf,0.7655916057342412,9
rivalry,0.6234194053779653,9
meet,0.558343345688042,9
defeat,0.6163429842667214,9
draw,0.6123445576098634,9
rivalry,0.6234194053779653,9
must,0.5767701910591464,9
real,0.7060859772474178,9
champion,0.7232162151464365,9
stun,0.6966320662715154,9
trouble,0.605105796389316,9
semifinal,0.6439692765876593,9
city,0.6660043147104997,9
ham,0.6018015981147378,9
ranger,0.6966318274862207,9
barcelona,0.6301651054781172,9
extend,0.5517433488199999,9
competitive,0.6546965514195939,9
gamble,0.5487774641715184,9
ham,0.6018015981147378,9
defeat,0.6163429842667214,9
fulham,0.6703164660788842,9
united,0.6698464345650353,9
city,0.6660043147104997,9
arsenal,0.6810203527645136,9
match,0.5922051564267843,9
survival,0.584782251235007,9
striker,0.7053294464824328,9
suffer,0.5902492562154936,9
city,0.6660043147104997,9
pace,0.46319198265780476,9
result,0.6786423378860913,9
champion,0.7232162151464365,9
relegation,0.6118882436843803,9
city,0.6660043147104997,9
control,0.5713291997357328,9
ranger,0.6966318274862207,9
win,0.6442873543343393,9
premier,0.4928968242756469,9
ranger,0.6966318274862207,9
season,0.6002172045953406,9
leg,0.5626213496408475,9
point,0.5433155259348413,9
dramatic,0.6989323885320029,9
city,0.6660043147104997,9
race,0.6047275554403084,9
highlight,0.6874424923039293,9
place,0.5483951516323544,9
win,0.6442873543343393,9
interim,0.602793670935875,9
scare,0.5854010040825732,9
champion,0.7232162151464365,9
forest,0.6705598856800487,9
successive,0.5407444909018969,9
decided,0.5742764656736162,9
arsenal,0.6810203527645136,9
fallen,0.5550858474355694,9
ethic,0.48106223552299837,9
giving,0.5606201720331905,9
process,0.551674332939787,9
ranger,0.6966318274862207,9
ham,0.6018015981147378,9
pep,0.7591029382176622,9
conference,0.5799922387377205,9
ham,0.6018015981147378,9
ticket,0.6749058793512601,9
narrow,0.6153982318525508,9
salvage,0.6487131031359307,9
united,0.6698464345650353,9
city,0.6660043147104997,9
successive,0.5407444909018969,9
final,0.617163206547653,9
major,0.5500278916937789,9
mane,0.7705216534684155,9
title,0.6155255727740281,9
wolf,0.7655916057342412,9
bottom,0.5332502184624509,9
wolf,0.7655916057342412,9
arsenal,0.6810203527645136,9
arsenal,0.6810203527645136,9
championship,0.6383812432249807,9
diamond,0.7243645631713338,9
diamond,0.7243645631713338,9
ham,0.6018015981147378,9
football,0.7354657570750512,9
dealt,0.5432304503074912,9
ranger,0.6966318274862207,9
trophy,0.6100645548671627,9
ranger,0.6966318274862207,9
race,0.6047275554403084,9
lot,0.5533989372192664,9
knight,0.6839356211111128,9
status,0.7445758402774832,9
involved,0.64274593531646,9
frank,0.8443078476416338,9
villa,0.765001476211378,9
handling,0.6681704584528166,9
day,0.6983383300115326,9
quadruple,0.5670399138670513,9
top,0.5032444593249892,9
fixture,0.6342906730168244,9
diamond,0.7243645631713338,9
follow,0.5928179037621109,9
legend,0.6317610471146214,9
match,0.5922051564267843,9
disappointment,0.4879534300981527,9
boring,0.6644368611857887,9
turn,0.535354197613798,9
consortium,0.6820893995985694,9
manager,0.7215532312743137,9
serial,0.5224695625286434,9
mane,0.7705216534684155,9
real,0.7060859772474178,9
la,0.6345391286386554,9
diamond,0.7243645631713338,9
investigation,0.5954900682038738,9
magnificent,0.5965098386395313,9
call,0.5912459289789425,9
emphatic,0.5640482613710804,9
real,0.7060859772474178,9
champion,0.7232162151464365,9
forest,0.6705598856800487,9
parade,0.6163962126425583,9
tournament,0.578645616986026,9
commission,0.49450795966461647,9
fan,0.6264066011895472,9
scot,0.5575738500527133,9
cast,0.5248942067640672,9
fan,0.6264066011895472,9
penalty,0.6741594760342383,9
city,0.6660043147104997,9
everything,0.7973344472448786,9
northern,0.668647671679753,9
draw,0.6123445576098634,9
real,0.7060859772474178,9
harrowing,0.47843145596087017,9
injury,0.6330038562049303,9
twice,0.6034188824361008,9
preview,0.5017990628795933,9
joe,0.5507585280630883,9
impressive,0.540941209580219,9
jake,0.728629416279802,9
twice,0.6034188824361008,9
knee,0.6308482400284058,9
nation,0.579919023255299,9
penalty,0.6741594760342383,9
late,0.7029716636615874,9
misery,0.6338310786990098,9
diamond,0.7243645631713338,9
concerning,0.6346334054148707,9
run,0.6449330281627607,9
experiment,1.0,9
admitted,0.4997018331889497,9
dramatic,0.6989323885320029,9
win,0.6442873543343393,9
fixture,0.6342906730168244,9
woman,0.6837976904206575,7
cup,0.5769141970340964,7
help,0.5158566397346042,7
downfall,0.5255146818467623,7
wale,0.6035173839722776,7
dismiss,0.5253172202190556,7
sensational,0.6173273007664344,7
dust,0.6245957142371553,7
bizarre,0.5521303668585753,7
cup,0.5769141970340964,7
clinical,0.7106544824163438,7
withdraw,0.6042706516666629,7
cup,0.5769141970340964,7
photography,0.7306373140844229,7
world,0.5745580672684425,7
impossible,0.6042857932543637,7
indoor,0.7065805513538009,7
beth,0.599916861607703,7
cup,0.5769141970340964,7
heather,0.68031763037971,7
mayor,0.6019007929291997,7
medal,0.7464156837533613,7
service,0.6172404793276554,7
tennis,0.7254478174534013,7
originally,0.5556424863251029,7
move,0.5645825143656958,7
shine,0.5396336718316834,7
bale,0.6941472918671168,7
disaster,0.7006981862392188,7
revive,0.49921809467137845,7
scare,0.5854010040825732,7
harder,0.6242521769306496,7
third,0.6466264031350843,7
canada,0.6481118200511501,7
football,0.7354657570750512,7
mane,0.7705216534684155,7
north,0.6364897905454359,7
diving,0.6913453833533552,7
semifinal,0.6439692765876593,7
draw,0.6123445576098634,7
final,0.617163206547653,7
criticism,0.6413333426211913,7
wale,0.6035173839722776,7
worker,0.6455174269451004,7
draw,0.6123445576098634,7
free,0.6053851214540273,7
ridiculous,0.5933671258859418,7
guide,0.7224448949451844,7
group,0.6671354484332613,7
tournament,0.578645616986026,7
final,0.617163206547653,7
amy,0.6260565526240365,7
best,0.6884806001126131,7
underline,0.6963239536639646,7
reserve,0.7028016238066083,7
get,0.47743715454941515,7
van,0.6335620004853099,7
federation,0.6633596939747194,7
group,0.6671354484332613,7
amnesty,0.4780776233617789,7
defiance,0.4522061778452932,7
defeat,0.6163429842667214,7
davy,0.6122790347301023,7
greave,0.7174974753231335,7
northern,0.668647671679753,7
championship,0.6383812432249807,7
jean,0.6799193120577,7
fa,0.6000261040346256,7
semifinal,0.6439692765876593,7
sale,0.6489516111916641,7
crucible,0.6572592033917605,7
jean,0.6799193120577,7
struck,0.8614765582610805,7
fa,0.6000261040346256,7
mane,0.7705216534684155,7
mark,0.6434655185771596,7
praise,0.6128538961728563,7
ability,0.5574364693762502,7
gilbert,0.5977055485268667,7
round,0.6077722927973209,7
championship,0.6383812432249807,7
pursuit,0.5097712946744477,7
snooker,0.6788874770109518,7
mark,0.6434655185771596,7
championship,0.6383812432249807,7
maximum,0.557719966188081,7
snooker,0.6788874770109518,7
championship,0.6383812432249807,7
bank,0.7577090715703068,7
championship,0.6383812432249807,7
tense,0.543762842101339,7
book,0.7692562742594359,7
nation,0.579919023255299,7
trump,0.6292792517470827,7
snooker,0.6788874770109518,7
seventh,0.581505247547702,7
seventh,0.581505247547702,7
play,0.56139126949275,7
shock,0.5303500977839811,7
wigan,0.5940011079964695,7
record,0.6006240702231864,7
fa,0.6000261040346256,7
fa,0.6000261040346256,7
shearer,0.5920937584315729,7
penalty,0.6741594760342383,7
woman,0.6837976904206575,7
fa,0.6000261040346256,7
penalty,0.6741594760342383,7
attract,0.49125114455406255,7
emma,0.7187310807709563,7
final,0.617163206547653,7
anthem,0.7161375068091616,7
ranger,0.6966318274862207,7
wigan,0.5940011079964695,7
wigan,0.5940011079964695,7
beat,0.6659037054434794,7
driven,0.5378987017025096,7
vowed,0.505561686308942,7
heroic,0.44613910346646035,7
defeat,0.6163429842667214,7
wrong,0.6672973745732999,7
ticket,0.6749058793512601,7
silver,0.6704764785396263,7
world,0.5745580672684425,7
wale,0.6035173839722776,7
return,1.0,7
bale,0.6941472918671168,7
cup,0.5769141970340964,7
wale,0.6035173839722776,7
fan,0.6264066011895472,7
disappointment,0.4879534300981527,7
republic,0.7342753007837483,7
hair,0.7542397873239503,7
billy,0.742213712510659,7
place,0.5483951516323544,7
save,0.5386130313768374,7
tea,0.6730906689538239,7
world,0.5745580672684425,7
thumping,0.46624743468030927,7
gold,0.6669452006665058,7
aquatic,0.5808669886155282,7
code,0.55071931990925,7
brutal,0.522295477339382,7
championship,0.6383812432249807,7
tournament,0.578645616986026,7
bale,0.6941472918671168,7
second,0.5211814855938786,7
gold,0.6669452006665058,7
seventh,0.581505247547702,7
athletics,0.6660856255913229,7
athletics,0.6660856255913229,7
ryder,0.6525296479812821,7
kyle,0.5567969270970029,7
hurdle,0.5921108330106319,7
hurdle,0.5921108330106319,7
van,0.6335620004853099,7
bronze,0.6577484559739657,7
commonwealth,0.7338659074508942,7
peak,0.6064665197902122,7
festival,0.8315302141657196,7
batter,0.48170055565739717,7
bid,0.5846975790683802,7
real,0.7060859772474178,7
gold,0.6669452006665058,7
behind,0.5620432510002471,7
cup,0.5769141970340964,7
rory,0.6377965514373641,7
shell,0.6896711549183234,7
farm,0.7078231599184003,7
qualifier,0.8003218073759426,7
amy,0.6260565526240365,7
cup,0.5769141970340964,7
street,0.6468524956576119,7
wale,0.6035173839722776,7
ruthless,0.508562928729256,7
queen,0.5937209980265705,7
queen,0.5937209980265705,7
queen,0.5937209980265705,7
contract,0.6890594355248646,7
captain,0.7862509129841269,7
lose,0.6232508495296203,7
win,0.6442873543343393,7
fail,0.5733966450292565,7
kent,0.6836171392341771,7
odds,0.4725952968522619,7
selected,0.604071336607523,7
queen,0.5937209980265705,7
roger,0.6466869483203717,7
discus,0.6004531350482569,7
roger,0.6466869483203717,7
represent,0.6062771335685072,7
accommodation,0.6041945011402857,7
contract,0.6890594355248646,7
roger,0.6466869483203717,7
harry,0.6196335975950681,7
dilemma,0.6067225194773926,7
shaped,0.4499262692544597,7
squad,0.8807131124931332,7
ignore,0.4196309263305277,7
jean,0.6799193120577,7
misogyny,0.6720482998687263,0
presidential,0.5821138548502033,0
musical,0.793016648614206,0
election,0.7789075678255128,0
election,0.7789075678255128,0
election,0.7789075678255128,0
northern,0.668647671679753,0
council,0.6528269038281541,0
union,0.5619063549638982,0
shed,0.6896868944940677,0
election,0.7789075678255128,0
choosing,0.5278125134495879,0
pensioner,0.564084050099856,0
election,0.7789075678255128,0
macron,0.6776110506762167,0
macron,0.6776110506762167,0
governor,0.7428245588544803,0
simple,0.4420890701188293,0
macron,0.6776110506762167,0
macron,0.6776110506762167,0
election,0.7789075678255128,0
local,0.56362511171336,0
vision,0.6570980200272554,0
compare,0.5624971787394466,0
pen,0.6103780845442606,0
pen,0.6103780845442606,0
marine,0.6740627704064592,0
pen,0.6103780845442606,0
pen,0.6103780845442606,0
misinformation,0.7972911895241815,0
platform,0.5453275174108768,0
disappointment,0.4879534300981527,0
pen,0.6103780845442606,0
serve,0.5345617559717329,0
macron,0.6776110506762167,0
voting,0.6881022051827528,0
assembly,0.6478137097038328,0
election,0.7789075678255128,0
election,0.7789075678255128,0
repeat,0.5557014473627495,0
wildlife,0.7168865350548825,0
electoral,0.6850668722880664,0
share,0.5636124036971979,0
election,0.7789075678255128,0
election,0.7789075678255128,0
polling,0.6293568895706784,0
council,0.6528269038281541,0
alliance,0.6405044253935603,0
local,0.56362511171336,0
debate,0.6622690806705769,0
trend,0.6666864692712744,0
election,0.7789075678255128,0
race,0.6047275554403084,0
debate,0.6622690806705769,0
sleep,0.7388668563372061,0
northern,0.668647671679753,0
election,0.7789075678255128,0
polling,0.6293568895706784,0
result,0.6786423378860913,0
report,0.5838154181811386,0
polling,0.6293568895706784,0
result,0.6786423378860913,0
gain,0.5952286379851689,0
alliance,0.6405044253935603,0
finish,0.5974491698991036,0
welsh,0.7131649150814778,0
election,0.7789075678255128,0
moment,0.7471524464155518,0
true,0.5301264956105307,0
disappointment,0.4879534300981527,0
isle,0.6081313035644428,0
far,0.5913241663268012,0
result,0.6786423378860913,0
election,0.7789075678255128,0
election,0.7789075678255128,0
cost,0.6449082863834096,0
leadership,0.6189501776658387,0
election,0.7789075678255128,0
remarkable,0.5205403665647512,0
success,0.5861067607075163,0
rise,0.5816436058262815,0
election,0.7789075678255128,0
map,0.6454021276042531,0
nationalist,0.617846190877613,0
vote,0.7332968880841493,0
remarkable,0.5205403665647512,0
party,0.7845314516657038,0
council,0.6528269038281541,0
climate,0.6446618843284608,0
brazil,0.7117333469616806,0
ni,0.6923907136048321,0
anxious,0.5261201546105386,0
simple,0.4420890701188293,0
election,0.7789075678255128,0
trail,0.6442790142095562,0
default,0.6291875846091405,0
country,0.5323709000970027,0
signal,0.5748348278830043,0
lead,0.5399957285287954,0
sworn,0.6457789312471599,0
greener,0.5539051081075644,0
political,0.6534609160629115,0
election,0.7789075678255128,0
minor,0.5313841730027027,0
promise,0.5751548818477262,0
parliamentary,0.5092376704944627,0
penny,0.8173889566089136,0
assembly,0.6478137097038328,0
leader,0.554452685398506,0
rebel,0.646312167447193,0
party,0.7845314516657038,0
coalition,0.7363496134390788,0
worker,0.6455174269451004,0
rebellion,0.5433275202535638,0
election,0.7789075678255128,0
thinking,0.5915876555989651,0
facility,0.4336222637676427,0
election,0.7789075678255128,0
downfall,0.5255146818467623,0
governor,0.7428245588544803,0
sri,0.7247648099901834,0
president,0.6636715379152149,0
hopeful,0.6293392280181406,0
election,0.7789075678255128,0
august,0.6042601570080185,0
result,0.6786423378860913,0
leadership,0.6189501776658387,0
neck,0.6739972760237491,0
underdog,0.61431414958403,0
testify,0.4719444987959433,0
tory,0.5745223497997757,0
basis,0.5134364099075825,0
represent,0.6062771335685072,0
voter,0.6205318587227181,0
result,0.6786423378860913,0
cast,0.5248942067640672,0
close,0.7270712041994767,0
ex,0.5158802509611614,0
cost,0.6449082863834096,0
divided,0.587872322550369,0
brazil,0.7117333469616806,0
cry,0.6812794011205604,0
power,0.6283270926059722,0
poll,0.6821364888277214,0
brazil,0.7117333469616806,0
face,0.6524350291298393,0
veteran,0.7390335984706388,0
presidential,0.5821138548502033,0
democracy,0.51223367643394,0
surprising,0.5331757350179243,0
ni,0.6923907136048321,0
congress,0.6585164318871276,0
adopt,0.47525769764173037,0
clash,0.611619434065557,0
agenda,0.5861090643626471,0
think,0.4818573331978974,0
woman,0.6837976904206575,0
election,0.7789075678255128,0
next,0.6819129759314645,0
know,0.7226394410936045,0
senate,0.65484870577486,0
looming,0.4429153119482727,0
election,0.7789075678255128,0
silva,0.5874959650746053,0
joe,0.5507585280630883,0
ni,0.6923907136048321,0
price,0.6140697281061197,0
brazil,0.7117333469616806,0
nancy,0.5884139324590636,0
cheer,0.4596114878322721,0
shirt,0.7005191153307626,0
election,0.7789075678255128,0
brazil,0.7117333469616806,0
economy,0.7014467861151115,0
poll,0.6821364888277214,0
outgoing,0.48814403968205666,0
election,0.7789075678255128,0
gen,0.6688666109121748,0
slavery,0.7214395748789485,0
abortion,0.7191674020021559,0
election,0.7789075678255128,0
solution,0.4747384541344556,0
voting,0.6881022051827528,0
abortion,0.7191674020021559,0
result,0.6786423378860913,0
night,0.6131791700221497,0
voting,0.6881022051827528,0
live,0.6135634069808333,0
far,0.5913241663268012,0
election,0.7789075678255128,0
abortion,0.7191674020021559,0
election,0.7789075678255128,0
election,0.7789075678255128,0
governor,0.7428245588544803,0
butler,0.6835697624916204,0
night,0.6131791700221497,0
result,0.6786423378860913,0
colorado,0.8521289288396245,0
governor,0.7428245588544803,0
local,0.56362511171336,0
false,0.563867974999398,1
popularity,0.5008436951987866,1
confidence,0.7134462976041179,1
maternity,0.6684161142320667,1
post,0.6897600703962116,1
antarctica,0.6010787860223076,1
antarctic,0.568971512940437,1
mysterious,0.4907495831033636,1
resign,0.7247116388137973,1
verify,0.6990990832619858,1
post,0.6897600703962116,1
antarctica,0.6010787860223076,1
still,0.49857746106892165,1
sale,0.6489516111916641,1
flat,0.6189173078064973,1
post,0.6897600703962116,1
electoral,0.6850668722880664,1
racism,0.6163239356457363,1
labour,0.7517788854169526,1
scandal,0.604836753018217,1
reputation,0.6001626588020503,1
perilous,0.6639736762436893,1
whatever,0.4475042916008521,1
sri,0.7247648099901834,1
office,0.5763044753176269,1
century,0.7355945041812288,1
heat,0.6275973328241675,1
warning,0.6201971354861932,1
producer,0.5350650570242572,1
compensation,0.6417058810432544,1
cash,0.7889392899396434,1
extreme,0.562577307415856,1
running,0.5771222908328025,1
prompt,0.6024126484531336,1
flash,0.6600411018695507,1
flooded,0.599018313910752,1
fringe,0.7972638543583718,1
attorney,0.5111152490488207,1
summer,0.6444598488569722,1
fun,0.5535498124757292,1
staff,0.5135840481621312,1
penguin,0.7832102244471909,1
school,0.7352476944867692,1
scandal,0.604836753018217,1
cash,0.7889392899396434,1
inquiry,0.6481459013456248,1
national,0.6008996969121416,1
responsibility,0.6601506024604735,1
six,0.5859404289959854,1
yet,0.5760442771259956,1
national,0.6008996969121416,1
danger,0.6150959790158446,1
weight,0.6051220544090371,1
care,0.6369697887268918,1
crown,0.6630833188585933,1
flag,0.6322519259347443,1
temperature,0.683662019132116,1
penny,0.8173889566089136,1
coin,0.763573764426026,1
theyre,0.6725664217962725,1
snow,0.8241455993708597,1
extended,0.5291310964872697,1
speech,0.6528418267394857,1
day,0.6983383300115326,1
post,0.6897600703962116,1
year,0.8094675582887395,1
met,0.6230580749081382,1
retired,0.5941830191181424,1
declaration,0.6764037111864442,1
man,0.6710935667803101,1
cook,0.6205667618568704,1
remote,0.6639523768465299,1
post,0.6897600703962116,1
snow,0.8241455993708597,1
record,0.6006240702231864,1
passport,0.8802727770661937,1
office,0.5763044753176269,1
wrongdoing,0.5778329085387031,1
sturgeon,0.6828703813964442,1
attorney,0.5111152490488207,1
weather,0.6834952027522265,1
compensation,0.6417058810432544,1
filled,0.484291128518044,1
first,0.5835372008327548,1
national,0.6008996969121416,1
labour,0.7517788854169526,1
flight,0.7565736030440713,1
horizon,0.5467871971533989,1
film,0.6228619534934086,1
outgoing,0.48814403968205666,1
historic,0.691418153426135,1
covid,0.6210517997003281,1
pride,0.7537651404188931,1
respond,0.5163042304282209,1
met,0.6230580749081382,1
weather,0.6834952027522265,1
men,0.6553518668573167,1
absolutely,0.49736969289470384,1
railway,0.6356333306444479,1
successful,0.5856598524724206,1
box,0.5613094172156029,1
ticket,0.6749058793512601,1
racism,0.6163239356457363,1
there,0.40904050780157813,1
strong,0.5600188025513597,1
film,0.6228619534934086,1
post,0.6897600703962116,1
office,0.5763044753176269,1
travis,0.6174333965736196,1
week,0.5544717127476066,1
clip,0.5815370996599724,1
museum,0.8399251174807638,1
spotted,0.6898716934327744,1
smoke,0.5664453602998212,1
wrongful,0.4792567736243995,1
barry,0.6305199734615952,1
disability,0.7463409199366642,1
yellow,0.7192460119944324,1
flight,0.7565736030440713,1
appear,0.5365652108335032,1
abu,0.4814362385409141,1
review,0.6131506127853673,1
storm,0.8772472634953348,1
parcel,0.49437743381132027,1
quits,0.6408472726399246,1
historical,0.5815171904430368,1
debris,0.4773399169380973,1
office,0.5763044753176269,1
sam,0.6598725677582481,1
understand,0.4945548627949736,1
write,0.5420545853923441,1
police,0.6152094133079338,1
card,0.5373949757763362,1
heavy,0.5716958462880687,1
compensation,0.6417058810432544,1
yellow,0.7192460119944324,1
highland,0.638607841506251,1
mike,0.6299462601605886,1
mike,0.6299462601605886,1
sparking,0.40363611061963905,1
snow,0.8241455993708597,1
victim,0.5604023250218777,1
met,0.6230580749081382,1
post,0.6897600703962116,1
play,0.56139126949275,1
potential,0.5453599287267803,1
wrongly,0.6660208271836107,1
post,0.6897600703962116,1
shortly,0.598780538197834,1
faulty,0.40510050700371675,1
calling,0.4590553235015941,1
horizon,0.5467871971533989,1
post,0.6897600703962116,1
scandal,0.604836753018217,1
horizon,0.5467871971533989,1
political,0.6534609160629115,1
breakdown,0.5605823240156562,1
drama,0.6430749351543306,1
stealing,0.46338217227115,1
scandal,0.604836753018217,1
scandal,0.604836753018217,1
inspired,0.6110549196959647,1
post,0.6897600703962116,1
village,0.707342429952525,1
scandal,0.604836753018217,1
scandal,0.604836753018217,1
minister,0.6303242916915519,1
scandal,0.604836753018217,1
falsely,0.7750694028236674,1
scandal,0.604836753018217,1
alan,0.5874325774924161,1
coverage,0.743761301456068,1
schedule,0.49950679286788924,1
tax,0.6927841010916735,1
scandal,0.604836753018217,1
system,0.7401230021410024,1
lied,0.6693929222858039,1
post,0.6897600703962116,1
secretly,0.4472740721765803,1
post,0.6897600703962116,1
scandal,0.604836753018217,1
victim,0.5604023250218777,1
freezing,0.4727865121520983,1
faulty,0.40510050700371675,1
post,0.6897600703962116,1
brown,0.7646783259505245,1
post,0.6897600703962116,1
track,0.5156364874554991,1
post,0.6897600703962116,1
storm,0.8772472634953348,1
conviction,0.7414461728835375,1
sum,0.4313891959632893,1
bob,0.752312961754683,1
post,0.6897600703962116,1
mum,0.6043301980438893,1
henry,0.706847439084079,1
highland,0.638607841506251,1
film,0.6228619534934086,1
alan,0.5874325774924161,1
running,0.5771222908328025,1
